<?xml version="1.0" ?>
<root>
    <signatures release="2008">
        <signature>
            <version>
                10.00.2758
            </version>
            <servicepack>
                1+Q978791
            </servicepack>
        </signature>
        <signature>
            <version>
                10.00.2757
            </version>
            <servicepack>
                0+ Cumulative Update 6 for 1
            </servicepack>
        </signature>
        <signature>
            <version>
                10.00.2746
            </version>
            <servicepack>
                0+ Cumulative Update 5 for 1
            </servicepack>
        </signature>
        <signature>
            <version>
                10.00.2734
            </version>
            <servicepack>
                0+ Cumulative Update 4 for 1
            </servicepack>
        </signature>
        <signature>
            <version>
                10.00.2723
            </version>
            <servicepack>
                0+ Cumulative Update 3 for 1
            </servicepack>
        </signature>
        <signature>
            <version>
                10.00.2714
            </version>
            <servicepack>
                0+ Cumulative Update 2 for 1
            </servicepack>
        </signature>
        <signature>
            <version>
                10.00.2712
            </version>
            <servicepack>
                0+ Q970507
            </servicepack>
        </signature>
        <signature>
            <version>
                10.00.2710
            </version>
            <servicepack>
                0+ Cumulative Update 1 for 1
            </servicepack>
        </signature>
        <signature>
            <version>
                10.00.2531
            </version>
            <servicepack>
                0+  1
            </servicepack>
        </signature>
        <signature>
            <version>
                10.00.1828
            </version>
            <servicepack>
                0+ Cumulative Update 8
            </servicepack>
        </signature>
        <signature>
            <version>
                10.00.1823
            </version>
            <servicepack>
                0+ Cumulative Update 8
            </servicepack>
        </signature>
        <signature>
            <version>
                10.00.1812
            </version>
            <servicepack>
                0+ Cumulative Update 6
            </servicepack>
        </signature>
        <signature>
            <version>
                9.00.1806
            </version>
            <servicepack>
                0+ Cumulative Update 5
            </servicepack>
        </signature>
        <signature>
            <version>
                10.00.1798
            </version>
            <servicepack>
                0+ Cumulative Update 4
            </servicepack>
        </signature>
        <signature>
            <version>
                10.00.1787
            </version>
            <servicepack>
                0+ Cumulative Update 3
            </servicepack>
        </signature>
        <signature>
            <version>
                10.00.1779
            </version>
            <servicepack>
                0+Q958186
            </servicepack>
        </signature>
        <signature>
            <version>
                10.00.1771
            </version>
            <servicepack>
                0+Q958611
            </servicepack>
        </signature>
        <signature>
            <version>
                10.00.1750
            </version>
            <servicepack>
                0+Q956718
            </servicepack>
        </signature>
        <signature>
            <version>
                10.00.1600.22
            </version>
            <servicepack>
                0
            </servicepack>
        </signature>
        <signature>
            <version>
                10.00.1300.13
            </version>
            <servicepack>
                February CTP
            </servicepack>
        </signature>
        <signature>
            <version>
                10.00.1049.14
            </version>
            <servicepack>
                July CTP
            </servicepack>
        </signature>
        <signature>
            <version>
                10.00.1019.17
            </version>
            <servicepack>
                June CTP
            </servicepack>
        </signature>
    </signatures>
    <signatures release="2005">
        <signature>
            <version>
                9.00.4285
            </version>
            <servicepack>
                3+Q978915
            </servicepack>
        </signature>
        <signature>
            <version>
                9.00.4278
            </version>
            <servicepack>
                3+Q978791
            </servicepack>
        </signature>
        <signature>
            <version>
                9.00.4273
            </version>
            <servicepack>
                3+Q976951
            </servicepack>
        </signature>
        <signature>
            <version>
                9.00.4266
            </version>
            <servicepack>
                3+Q974648
            </servicepack>
        </signature>
        <signature>
            <version>
                9.00.4230
            </version>
            <servicepack>
                3+Q972511
            </servicepack>
        </signature>
        <signature>
            <version>
                9.00.4226
            </version>
            <servicepack>
                3+Q970279
            </servicepack>
        </signature>
        <signature>
            <version>
                9.00.4224
            </version>
            <servicepack>
                0+ Q971409
            </servicepack>
        </signature>
        <signature>
            <version>
                9.00.4220
            </version>
            <servicepack>
                3+Q967909
            </servicepack>
        </signature>
        <signature>
            <version>
                9.00.4216
            </version>
            <servicepack>
                3+Q967101
            </servicepack>
        </signature>
        <signature>
            <version>
                9.00.4211
            </version>
            <servicepack>
                3+Q961930
            </servicepack>
        </signature>
        <signature>
            <version>
                9.00.4207
            </version>
            <servicepack>
                3+Q959195
            </servicepack>
        </signature>
        <signature>
            <version>
                9.00.4035
            </version>
            <servicepack>
                0+3
            </servicepack>
        </signature>
        <signature>
            <version>
                9.00.3356
            </version>
            <servicepack>
                3 + Cumulative Update 17
            </servicepack>
        </signature>
        <signature>
            <version>
                9.00.3355
            </version>
            <servicepack>
                2+Q216793
            </servicepack>
        </signature>
        <signature>
            <version>
                9.00.3330
            </version>
            <servicepack>
                2+Q972510
            </servicepack>
        </signature>
        <signature>
            <version>
                9.00.3328
            </version>
            <servicepack>
                2+Q970278
            </servicepack>
        </signature>
        <signature>
            <version>
                9.00.3327
            </version>
            <servicepack>
                2+Q948567
            </servicepack>
        </signature>
        <signature>
            <version>
                9.00.3325
            </version>
            <servicepack>
                2+Q967908
            </servicepack>
        </signature>
        <signature>
            <version>
                9.00.3320
            </version>
            <servicepack>
                2+Q969142
            </servicepack>
        </signature>
        <signature>
            <version>
                9.00.3318
            </version>
            <servicepack>
                2+Q967199
            </servicepack>
        </signature>
        <signature>
            <version>
                9.00.3315
            </version>
            <servicepack>
                2+Q962970
            </servicepack>
        </signature>
        <signature>
            <version>
                9.00.3310
            </version>
            <servicepack>
                2+Q960090
            </servicepack>
        </signature>
        <signature>
            <version>
                9.00.3303
            </version>
            <servicepack>
                2+Q962209
            </servicepack>
        </signature>
        <signature>
            <version>
                9.00.3302
            </version>
            <servicepack>
                2+Q961479
            </servicepack>
        </signature>
        <signature>
            <version>
                9.00.3301
            </version>
            <servicepack>
                2+Q958735
            </servicepack>
        </signature>
        <signature>
            <version>
                9.00.3295
            </version>
            <servicepack>
                2+Q959132
            </servicepack>
        </signature>
        <signature>
            <version>
                9.00.3294
            </version>
            <servicepack>
                2+Q956854
            </servicepack>
        </signature>
        <signature>
            <version>
                9.00.3291
            </version>
            <servicepack>
                2+Q956889
            </servicepack>
        </signature>
        <signature>
            <version>
                9.00.3289
            </version>
            <servicepack>
                2+Q937137
            </servicepack>
        </signature>
        <signature>
            <version>
                9.00.3282
            </version>
            <servicepack>
                2+Q953752
            </servicepack>
        </signature>
        <signature>
            <version>
                9.00.3261
            </version>
            <servicepack>
                2+Q955754
            </servicepack>
        </signature>
        <signature>
            <version>
                9.00.3260
            </version>
            <servicepack>
                2+Q954950
            </servicepack>
        </signature>
        <signature>
            <version>
                9.00.3259
            </version>
            <servicepack>
                2+Q954669
            </servicepack>
        </signature>
        <signature>
            <version>
                9.00.3257
            </version>
            <servicepack>
                2+Q951217
            </servicepack>
        </signature>
        <signature>
            <version>
                9.00.3253
            </version>
            <servicepack>
                2+Q954054
            </servicepack>
        </signature>
        <signature>
            <version>
                9.00.3244
            </version>
            <servicepack>
                2+Q952330
            </servicepack>
        </signature>
        <signature>
            <version>
                9.00.3242
            </version>
            <servicepack>
                2+Q951190
            </servicepack>
        </signature>
        <signature>
            <version>
                9.00.3240
            </version>
            <servicepack>
                2+Q951204
            </servicepack>
        </signature>
        <signature>
            <version>
                9.00.3239
            </version>
            <servicepack>
                2+Q949095
            </servicepack>
        </signature>
        <signature>
            <version>
                9.00.3235
            </version>
            <servicepack>
                2+Q950189
            </servicepack>
        </signature>
        <signature>
            <version>
                9.00.3232
            </version>
            <servicepack>
                2+Q949959
            </servicepack>
        </signature>
        <signature>
            <version>
                9.00.3231
            </version>
            <servicepack>
                2+Q949687
            </servicepack>
        </signature>
        <signature>
            <version>
                9.00.3230
            </version>
            <servicepack>
                2+Q949199
            </servicepack>
        </signature>
        <signature>
            <version>
                9.00.3228
            </version>
            <servicepack>
                2+Q946608
            </servicepack>
        </signature>
        <signature>
            <version>
                9.00.3224
            </version>
            <servicepack>
                2+Q947463
            </servicepack>
        </signature>
        <signature>
            <version>
                9.00.3222
            </version>
            <servicepack>
                2+Q945640
            </servicepack>
        </signature>
        <signature>
            <version>
                9.00.3221
            </version>
            <servicepack>
                2+Q942908
            </servicepack>
        </signature>
        <signature>
            <version>
                9.00.3215
            </version>
            <servicepack>
                2+Q941450
            </servicepack>
        </signature>
        <signature>
            <version>
                9.00.3209
            </version>
            <servicepack>
                2
            </servicepack>
        </signature>
        <signature>
            <version>
                9.00.3208
            </version>
            <servicepack>
                2+Q944902
            </servicepack>
        </signature>
        <signature>
            <version>
                9.00.3206
            </version>
            <servicepack>
                2+Q944677
            </servicepack>
        </signature>
        <signature>
            <version>
                9.00.3205
            </version>
            <servicepack>
                2
            </servicepack>
        </signature>
        <signature>
            <version>
                9.00.3203
            </version>
            <servicepack>
                2
            </servicepack>
        </signature>
        <signature>
            <version>
                9.00.3200
            </version>
            <servicepack>
                2+Q941450
            </servicepack>
        </signature>
        <signature>
            <version>
                9.00.3195
            </version>
            <servicepack>
                2
            </servicepack>
        </signature>
        <signature>
            <version>
                9.00.3194
            </version>
            <servicepack>
                2+Q940933
            </servicepack>
        </signature>
        <signature>
            <version>
                9.00.3186
            </version>
            <servicepack>
                2+Q939562
            </servicepack>
        </signature>
        <signature>
            <version>
                9.00.3182
            </version>
            <servicepack>
                2+Q940128
            </servicepack>
        </signature>
        <signature>
            <version>
                9.00.3180
            </version>
            <servicepack>
                2+Q939942
            </servicepack>
        </signature>
        <signature>
            <version>
                9.00.3179
            </version>
            <servicepack>
                2+Q938243
            </servicepack>
        </signature>
        <signature>
            <version>
                9.00.3178
            </version>
            <servicepack>
                2
            </servicepack>
        </signature>
        <signature>
            <version>
                9.00.3177
            </version>
            <servicepack>
                2+Q939563
            </servicepack>
        </signature>
        <signature>
            <version>
                9.00.3175
            </version>
            <servicepack>
                2+Q936305
            </servicepack>
        </signature>
        <signature>
            <version>
                9.00.3171
            </version>
            <servicepack>
                2+Q937745
            </servicepack>
        </signature>
        <signature>
            <version>
                9.00.3169
            </version>
            <servicepack>
                2+Q937041
            </servicepack>
        </signature>
        <signature>
            <version>
                9.00.3166
            </version>
            <servicepack>
                2+Q936185
            </servicepack>
        </signature>
        <signature>
            <version>
                9.00.3162
            </version>
            <servicepack>
                2+Q932610
            </servicepack>
        </signature>
        <signature>
            <version>
                9.00.3161
            </version>
            <servicepack>
                2+Q935356
            </servicepack>
        </signature>
        <signature>
            <version>
                9.00.3159
            </version>
            <servicepack>
                2+Q934459
            </servicepack>
        </signature>
        <signature>
            <version>
                9.00.3156
            </version>
            <servicepack>
                2+Q934226
            </servicepack>
        </signature>
        <signature>
            <version>
                9.00.3155
            </version>
            <servicepack>
                2+Q933549
            </servicepack>
        </signature>
        <signature>
            <version>
                9.00.3154
            </version>
            <servicepack>
                2+Q934106
            </servicepack>
        </signature>
        <signature>
            <version>
                9.00.3153
            </version>
            <servicepack>
                2+Q933564
            </servicepack>
        </signature>
        <signature>
            <version>
                9.00.3152
            </version>
            <servicepack>
                2+Q933097
            </servicepack>
        </signature>
        <signature>
            <version>
                9.00.3077
            </version>
            <servicepack>
                2+Q960089
            </servicepack>
        </signature>
        <signature>
            <version>
                9.00.3073
            </version>
            <servicepack>
                2+Q954606
            </servicepack>
        </signature>
        <signature>
            <version>
                9.00.3054
            </version>
            <servicepack>
                2+Q934458
            </servicepack>
        </signature>
        <signature>
            <version>
                9.00.3050
            </version>
            <servicepack>
                2+Q933508
            </servicepack>
        </signature>
        <signature>
            <version>
                9.00.3043
            </version>
            <servicepack>
                2+Q933508
            </servicepack>
        </signature>
        <signature>
            <version>
                9.00.3042
            </version>
            <servicepack>
                'Fixed' 2
            </servicepack>
        </signature>
        <signature>
            <version>
                9.00.3033
            </version>
            <servicepack>
                2 CTP
            </servicepack>
        </signature>
        <signature>
            <version>
                9.00.3027
            </version>
            <servicepack>
                2 CTP
            </servicepack>
        </signature>
        <signature>
            <version>
                9.00.3026
            </version>
            <servicepack>
                1+Q929376
            </servicepack>
        </signature>
        <signature>
            <version>
                9.00.2249
            </version>
            <servicepack>
                1+Q948344
            </servicepack>
        </signature>
        <signature>
            <version>
                9.00.2245
            </version>
            <servicepack>
                1+Q933573
            </servicepack>
        </signature>
        <signature>
            <version>
                9.00.2243
            </version>
            <servicepack>
                1+Q944968
            </servicepack>
        </signature>
        <signature>
            <version>
                9.00.2242
            </version>
            <servicepack>
                1+Q943389
            </servicepack>
        </signature>
        <signature>
            <version>
                9.00.2239
            </version>
            <servicepack>
                1+Q940961
            </servicepack>
        </signature>
        <signature>
            <version>
                9.00.2237
            </version>
            <servicepack>
                1+Q940719
            </servicepack>
        </signature>
        <signature>
            <version>
                9.00.2236
            </version>
            <servicepack>
                1+Q940287
            </servicepack>
        </signature>
        <signature>
            <version>
                9.00.2234
            </version>
            <servicepack>
                1+Q937343
            </servicepack>
        </signature>
        <signature>
            <version>
                9.00.2233
            </version>
            <servicepack>
                1+Q933499
            </servicepack>
        </signature>
        <signature>
            <version>
                9.00.2232
            </version>
            <servicepack>
                1+Q937277
            </servicepack>
        </signature>
        <signature>
            <version>
                9.00.2231
            </version>
            <servicepack>
                1+Q934812
            </servicepack>
        </signature>
        <signature>
            <version>
                9.00.2230
            </version>
            <servicepack>
                1+Q936179
            </servicepack>
        </signature>
        <signature>
            <version>
                9.00.2229
            </version>
            <servicepack>
                1+Q935446
            </servicepack>
        </signature>
        <signature>
            <version>
                9.00.2227
            </version>
            <servicepack>
                1+Q934066
            </servicepack>
        </signature>
        <signature>
            <version>
                9.00.2226
            </version>
            <servicepack>
                1+Q933762
            </servicepack>
        </signature>
        <signature>
            <version>
                9.00.2224
            </version>
            <servicepack>
                1+Q932990
            </servicepack>
        </signature>
        <signature>
            <version>
                9.00.2223
            </version>
            <servicepack>
                1+Q932393
            </servicepack>
        </signature>
        <signature>
            <version>
                9.00.2221
            </version>
            <servicepack>
                1+Q931593
            </servicepack>
        </signature>
        <signature>
            <version>
                9.00.2219
            </version>
            <servicepack>
                1+Q931329
            </servicepack>
        </signature>
        <signature>
            <version>
                9.00.2218
            </version>
            <servicepack>
                1+Q931843
            </servicepack>
        </signature>
        <signature>
            <version>
                9.00.2216
            </version>
            <servicepack>
                1+Q931821
            </servicepack>
        </signature>
        <signature>
            <version>
                9.00.2215
            </version>
            <servicepack>
                1+Q931666
            </servicepack>
        </signature>
        <signature>
            <version>
                9.00.2214
            </version>
            <servicepack>
                1+Q929240
            </servicepack>
        </signature>
        <signature>
            <version>
                9.00.2211
            </version>
            <servicepack>
                1+Q930283
            </servicepack>
        </signature>
        <signature>
            <version>
                9.00.2209
            </version>
            <servicepack>
                1+Q929278
            </servicepack>
        </signature>
        <signature>
            <version>
                9.00.2208
            </version>
            <servicepack>
                1+Q929179
            </servicepack>
        </signature>
        <signature>
            <version>
                9.00.2207
            </version>
            <servicepack>
                1+Q928394&lt;
            </servicepack>
        </signature>
        <signature>
            <version>
                9.00.2206
            </version>
            <servicepack>
                1+Q928539
            </servicepack>
        </signature>
        <signature>
            <version>
                9.00.2202
            </version>
            <servicepack>
                1+Q927643
            </servicepack>
        </signature>
        <signature>
            <version>
                9.00.2201
            </version>
            <servicepack>
                1+Q927289
            </servicepack>
        </signature>
        <signature>
            <version>
                9.00.2198
            </version>
            <servicepack>
                1+Q926773
            </servicepack>
        </signature>
        <signature>
            <version>
                9.00.2196
            </version>
            <servicepack>
                1+Q926285
            </servicepack>
        </signature>
        <signature>
            <version>
                9.00.2195
            </version>
            <servicepack>
                1+Q926240
            </servicepack>
        </signature>
        <signature>
            <version>
                9.00.2194
            </version>
            <servicepack>
                1+Q925744
            </servicepack>
        </signature>
        <signature>
            <version>
                9.00.2192
            </version>
            <servicepack>
                1+Q924954
            </servicepack>
        </signature>
        <signature>
            <version>
                9.00.2191
            </version>
            <servicepack>
                1+Q925135
            </servicepack>
        </signature>
        <signature>
            <version>
                9.00.2190
            </version>
            <servicepack>
                1+Q925227
            </servicepack>
        </signature>
        <signature>
            <version>
                9.00.2189
            </version>
            <servicepack>
                1+Q925153
            </servicepack>
        </signature>
        <signature>
            <version>
                9.00.2187
            </version>
            <servicepack>
                1+Q923849
            </servicepack>
        </signature>
        <signature>
            <version>
                9.00.2183
            </version>
            <servicepack>
                1+Q929404
            </servicepack>
        </signature>
        <signature>
            <version>
                9.00.2181
            </version>
            <servicepack>
                1+Q923624
            </servicepack>
        </signature>
        <signature>
            <version>
                9.00.2176
            </version>
            <servicepack>
                1+Q923296
            </servicepack>
        </signature>
        <signature>
            <version>
                9.00.2175
            </version>
            <servicepack>
                1+Q922578
            </servicepack>
        </signature>
        <signature>
            <version>
                9.00.2174
            </version>
            <servicepack>
                1+Q922063
            </servicepack>
        </signature>
        <signature>
            <version>
                9.00.2167
            </version>
            <servicepack>
                1+Q920974
            </servicepack>
        </signature>
        <signature>
            <version>
                9.00.2164
            </version>
            <servicepack>
                1+Q919636
            </servicepack>
        </signature>
        <signature>
            <version>
                9.00.2156
            </version>
            <servicepack>
                1+Q919611
            </servicepack>
        </signature>
        <signature>
            <version>
                9.00.2153
            </version>
            <servicepack>
                1+builds 1531
            </servicepack>
        </signature>
        <signature>
            <version>
                9.00.2050
            </version>
            <servicepack>
                1+.NET Vulnerability fix
            </servicepack>
        </signature>
        <signature>
            <version>
                9.00.2047
            </version>
            <servicepack>
                1 0
            </servicepack>
        </signature>
        <signature>
            <version>
                9.00.2040
            </version>
            <servicepack>
                1 CTP
            </servicepack>
        </signature>
        <signature>
            <version>
                9.00.2029
            </version>
            <servicepack>
                1 Beta
            </servicepack>
        </signature>
        <signature>
            <version>
                9.00.1561
            </version>
            <servicepack>
                0+Q932556
            </servicepack>
        </signature>
        <signature>
            <version>
                9.00.1558
            </version>
            <servicepack>
                0+Q926493
            </servicepack>
        </signature>
        <signature>
            <version>
                9.00.1554
            </version>
            <servicepack>
                0+Q926292
            </servicepack>
        </signature>
        <signature>
            <version>
                9.00.1551
            </version>
            <servicepack>
                0+Q922804
            </servicepack>
        </signature>
        <signature>
            <version>
                9.00.1550
            </version>
            <servicepack>
                0+Q917887
            </servicepack>
        </signature>
        <signature>
            <version>
                9.00.1547
            </version>
            <servicepack>
                0+Q918276
            </servicepack>
        </signature>
        <signature>
            <version>
                9.00.1545
            </version>
            <servicepack>
                0+Q917905
            </servicepack>
        </signature>
        <signature>
            <version>
                9.00.1541
            </version>
            <servicepack>
                0+Q917888
            </servicepack>
        </signature>
        <signature>
            <version>
                9.00.1539
            </version>
            <servicepack>
                0+Q917738
            </servicepack>
        </signature>
        <signature>
            <version>
                9.00.1538
            </version>
            <servicepack>
                0+Q917824
            </servicepack>
        </signature>
        <signature>
            <version>
                9.00.1536
            </version>
            <servicepack>
                0+Q917016
            </servicepack>
        </signature>
        <signature>
            <version>
                9.00.1534
            </version>
            <servicepack>
                0+Q916706
            </servicepack>
        </signature>
        <signature>
            <version>
                9.00.1533
            </version>
            <servicepack>
                0+Q916086
            </servicepack>
        </signature>
        <signature>
            <version>
                9.00.1532
            </version>
            <servicepack>
                0+Q916046
            </servicepack>
        </signature>
        <signature>
            <version>
                9.00.1531
            </version>
            <servicepack>
                0+Q915918
            </servicepack>
        </signature>
        <signature>
            <version>
                9.00.1528
            </version>
            <servicepack>
                0+Q915112
            </servicepack>
        </signature>
        <signature>
            <version>
                9.00.1519
            </version>
            <servicepack>
                0+Q913494
            </servicepack>
        </signature>
        <signature>
            <version>
                9.00.1518
            </version>
            <servicepack>
                0+Q912472
            </servicepack>
        </signature>
        <signature>
            <version>
                9.00.1514
            </version>
            <servicepack>
                0+Q912471
            </servicepack>
        </signature>
        <signature>
            <version>
                9.00.1503
            </version>
            <servicepack>
                0+Q911662
            </servicepack>
        </signature>
        <signature>
            <version>
                9.00.1502
            </version>
            <servicepack>
                0+Q915793
            </servicepack>
        </signature>
        <signature>
            <version>
                9.00.1500
            </version>
            <servicepack>
                0+Q910416
            </servicepack>
        </signature>
        <signature>
            <version>
                9.00.1406
            </version>
            <servicepack>
                0+Q932557
            </servicepack>
        </signature>
        <signature>
            <version>
                9.00.1399
            </version>
            <servicepack>
                0
            </servicepack>
        </signature>
        <signature>
            <version>
                9.00.1314
            </version>
            <servicepack>
                September CTP Release
            </servicepack>
        </signature>
        <signature>
            <version>
                9.00.1187
            </version>
            <servicepack>
                June CTP Release
            </servicepack>
        </signature>
        <signature>
            <version>
                9.00.1116
            </version>
            <servicepack>
                April CTP Release
            </servicepack>
        </signature>
        <signature>
            <version>
                9.00.1090
            </version>
            <servicepack>
                March CTP Release
            </servicepack>
        </signature>
        <signature>
            <version>
                9.00.981
            </version>
            <servicepack>
                December CTP Release
            </servicepack>
        </signature>
        <signature>
            <version>
                9.00.951
            </version>
            <servicepack>
                October CTP Release
            </servicepack>
        </signature>
        <signature>
            <version>
                9.00.917
            </version>
            <servicepack>
                Internal build
            </servicepack>
        </signature>
        <signature>
            <version>
                9.00.852
            </version>
            <servicepack>
                Beta 2
            </servicepack>
        </signature>
        <signature>
            <version>
                9.00.849
            </version>
            <servicepack>
                Internal build
            </servicepack>
        </signature>
        <signature>
            <version>
                9.00.844
            </version>
            <servicepack>
                Internal build
            </servicepack>
        </signature>
        <signature>
            <version>
                9.00.836
            </version>
            <servicepack>
                Express Ed. Tech Preview
            </servicepack>
        </signature>
        <signature>
            <version>
                9.00.823
            </version>
            <servicepack>
                Internal build
            </servicepack>
        </signature>
        <signature>
            <version>
                9.00.790
            </version>
            <servicepack>
                Internal build
            </servicepack>
        </signature>
        <signature>
            <version>
                9.00.767
            </version>
            <servicepack>
                Internal build
            </servicepack>
        </signature>
        <signature>
            <version>
                9.00.747
            </version>
            <servicepack>
                Internal build
            </servicepack>
        </signature>
        <signature>
            <version>
                9.00.645
            </version>
            <servicepack>
                MS Internal
            </servicepack>
        </signature>
        <signature>
            <version>
                9.00.608
            </version>
            <servicepack>
                Beta 1
            </servicepack>
        </signature>
    </signatures>
    <signatures release="7">
        <signature>
            <version>
                7.00.1152
            </version>
            <servicepack>
                4+Q941203
            </servicepack>
        </signature>
        <signature>
            <version>
                7.00.1150
            </version>
            <servicepack>
                4+Q891116
            </servicepack>
        </signature>
        <signature>
            <version>
                7.00.1144
            </version>
            <servicepack>
                4+Q830233
            </servicepack>
        </signature>
        <signature>
            <version>
                7.00.1143
            </version>
            <servicepack>
                4+Q829015
            </servicepack>
        </signature>
        <signature>
            <version>
                7.00.1097
            </version>
            <servicepack>
                4+Q822756
            </servicepack>
        </signature>
        <signature>
            <version>
                7.00.1094
            </version>
            <servicepack>
                4+Q815495
            </servicepack>
        </signature>
        <signature>
            <version>
                7.00.1079
            </version>
            <servicepack>
                329499
            </servicepack>
        </signature>
        <signature>
            <version>
                7.00.1078
            </version>
            <servicepack>
                4+Q327068
            </servicepack>
        </signature>
        <signature>
            <version>
                7.00.1077
            </version>
            <servicepack>
                4+Q316333
            </servicepack>
        </signature>
        <signature>
            <version>
                7.00.1063
            </version>
            <servicepack>
                4
            </servicepack>
        </signature>
        <signature>
            <version>
                7.00.1033
            </version>
            <servicepack>
                3+Q324469
            </servicepack>
        </signature>
        <signature>
            <version>
                7.00.1026
            </version>
            <servicepack>
                3+Q319851
            </servicepack>
        </signature>
        <signature>
            <version>
                7.00.1004
            </version>
            <servicepack>
                3+Q304851
            </servicepack>
        </signature>
        <signature>
            <version>
                7.00.996
            </version>
            <servicepack>
                3+Q299717
            </servicepack>
        </signature>
        <signature>
            <version>
                7.00.978
            </version>
            <servicepack>
                3+Q285870
            </servicepack>
        </signature>
        <signature>
            <version>
                7.00.977
            </version>
            <servicepack>
                3+Q284351
            </servicepack>
        </signature>
        <signature>
            <version>
                7.00.970
            </version>
            <servicepack>
                3+Q283837
            </servicepack>
        </signature>
        <signature>
            <version>
                7.00.961
            </version>
            <servicepack>
                3
            </servicepack>
        </signature>
        <signature>
            <version>
                7.00.921
            </version>
            <servicepack>
                2+Q283837
            </servicepack>
        </signature>
        <signature>
            <version>
                7.00.919
            </version>
            <servicepack>
                2+Q282243
            </servicepack>
        </signature>
        <signature>
            <version>
                7.00.918
            </version>
            <servicepack>
                2+Q280380
            </servicepack>
        </signature>
        <signature>
            <version>
                7.00.917
            </version>
            <servicepack>
                2+Q279180
            </servicepack>
        </signature>
        <signature>
            <version>
                7.00.910
            </version>
            <servicepack>
                2+Q275901
            </servicepack>
        </signature>
        <signature>
            <version>
                7.00.905
            </version>
            <servicepack>
                2+Q274266
            </servicepack>
        </signature>
        <signature>
            <version>
                7.00.889
            </version>
            <servicepack>
                2+Q243741
            </servicepack>
        </signature>
        <signature>
            <version>
                7.00.879
            </version>
            <servicepack>
                2+Q281185
            </servicepack>
        </signature>
        <signature>
            <version>
                7.00.857
            </version>
            <servicepack>
                2+Q260346
            </servicepack>
        </signature>
        <signature>
            <version>
                7.00.842
            </version>
            <servicepack>
                2
            </servicepack>
        </signature>
        <signature>
            <version>
                7.00.839
            </version>
            <servicepack>
                2 Unidentified
            </servicepack>
        </signature>
        <signature>
            <version>
                7.00.835
            </version>
            <servicepack>
                2 Beta
            </servicepack>
        </signature>
        <signature>
            <version>
                7.00.776
            </version>
            <servicepack>
                1+Q258087
            </servicepack>
        </signature>
        <signature>
            <version>
                7.00.770
            </version>
            <servicepack>
                1+Q252905
            </servicepack>
        </signature>
        <signature>
            <version>
                7.00.745
            </version>
            <servicepack>
                1+Q253738
            </servicepack>
        </signature>
        <signature>
            <version>
                7.00.722
            </version>
            <servicepack>
                1+Q239458
            </servicepack>
        </signature>
        <signature>
            <version>
                7.00.699
            </version>
            <servicepack>
                1
            </servicepack>
        </signature>
        <signature>
            <version>
                7.00.689
            </version>
            <servicepack>
                1 Beta
            </servicepack>
        </signature>
        <signature>
            <version>
                7.00.677
            </version>
            <servicepack>
                MSDE O2K Dev
            </servicepack>
        </signature>
        <signature>
            <version>
                7.00.662
            </version>
            <servicepack>
                Gold+Q232707
            </servicepack>
        </signature>
        <signature>
            <version>
                7.00.658
            </version>
            <servicepack>
                Gold+Q244763
            </servicepack>
        </signature>
        <signature>
            <version>
                7.00.657
            </version>
            <servicepack>
                Gold+Q229875
            </servicepack>
        </signature>
        <signature>
            <version>
                7.00.643
            </version>
            <servicepack>
                Gold+Q220156
            </servicepack>
        </signature>
        <signature>
            <version>
                7.00.623
            </version>
            <servicepack>
                Gold
            </servicepack>
        </signature>
        <signature>
            <version>
                7.00.583
            </version>
            <servicepack>
                RC1
            </servicepack>
        </signature>
        <signature>
            <version>
                7.00.517
            </version>
            <servicepack>
                Beta 3
            </servicepack>
        </signature>
    </signatures>
    <signatures release="2000">
        <signature>
            <version>
                8.00.2283
            </version>
            <servicepack>
                0+ Q971524
            </servicepack>
        </signature>
        <signature>
            <version>
                8.00.2279
            </version>
            <servicepack>
                4+Q959678
            </servicepack>
        </signature>
        <signature>
            <version>
                8.00.2271
            </version>
            <servicepack>
                4+Q946584
            </servicepack>
        </signature>
        <signature>
            <version>
                8.00.2265
            </version>
            <servicepack>
                4+Q944985
            </servicepack>
        </signature>
        <signature>
            <version>
                8.00.2253
            </version>
            <servicepack>
                4+Q939317
            </servicepack>
        </signature>
        <signature>
            <version>
                8.00.2249
            </version>
            <servicepack>
                4+Q936232
            </servicepack>
        </signature>
        <signature>
            <version>
                8.00.2248
            </version>
            <servicepack>
                4+Q935950
            </servicepack>
        </signature>
        <signature>
            <version>
                8.00.2246
            </version>
            <servicepack>
                4+Q935465
            </servicepack>
        </signature>
        <signature>
            <version>
                8.00.2245
            </version>
            <servicepack>
                4+Q933573
            </servicepack>
        </signature>
        <signature>
            <version>
                8.00.2244
            </version>
            <servicepack>
                4+Q934203
            </servicepack>
        </signature>
        <signature>
            <version>
                8.00.2242
            </version>
            <servicepack>
                4+Q929131
            </servicepack>
        </signature>
        <signature>
            <version>
                8.00.2238
            </version>
            <servicepack>
                4+Q931932
            </servicepack>
        </signature>
        <signature>
            <version>
                8.00.2234
            </version>
            <servicepack>
                4+Q929440
            </servicepack>
        </signature>
        <signature>
            <version>
                8.00.2232
            </version>
            <servicepack>
                4+Q928568
            </servicepack>
        </signature>
        <signature>
            <version>
                8.00.2231
            </version>
            <servicepack>
                4+Q928079
            </servicepack>
        </signature>
        <signature>
            <version>
                8.00.2229
            </version>
            <servicepack>
                4+Q927186
            </servicepack>
        </signature>
        <signature>
            <version>
                8.00.2226
            </version>
            <servicepack>
                4+Q925684
            </servicepack>
        </signature>
        <signature>
            <version>
                8.00.2223
            </version>
            <servicepack>
                4+Q925678
            </servicepack>
        </signature>
        <signature>
            <version>
                8.00.2218
            </version>
            <servicepack>
                4+Q925297
            </servicepack>
        </signature>
        <signature>
            <version>
                8.00.2217
            </version>
            <servicepack>
                4+Q924664
            </servicepack>
        </signature>
        <signature>
            <version>
                8.00.2215
            </version>
            <servicepack>
                4+Q924662
            </servicepack>
        </signature>
        <signature>
            <version>
                8.00.2209
            </version>
            <servicepack>
                4+Q923797
            </servicepack>
        </signature>
        <signature>
            <version>
                8.00.2207
            </version>
            <servicepack>
                4+Q923344
            </servicepack>
        </signature>
        <signature>
            <version>
                8.00.2201
            </version>
            <servicepack>
                4+Q920930
            </servicepack>
        </signature>
        <signature>
            <version>
                8.00.2199
            </version>
            <servicepack>
                4+Q919221
            </servicepack>
        </signature>
        <signature>
            <version>
                8.00.2197
            </version>
            <servicepack>
                4+Q919133
            </servicepack>
        </signature>
        <signature>
            <version>
                8.00.2196
            </version>
            <servicepack>
                4+Q919165
            </servicepack>
        </signature>
        <signature>
            <version>
                8.00.2194
            </version>
            <servicepack>
                4+Q917972
            </servicepack>
        </signature>
        <signature>
            <version>
                8.00.2192
            </version>
            <servicepack>
                4+Q917606
            </servicepack>
        </signature>
        <signature>
            <version>
                8.00.2191
            </version>
            <servicepack>
                4+Q916698
            </servicepack>
        </signature>
        <signature>
            <version>
                8.00.2189
            </version>
            <servicepack>
                4+Q916652
            </servicepack>
        </signature>
        <signature>
            <version>
                8.00.2187
            </version>
            <servicepack>
                4+916287
            </servicepack>
        </signature>
        <signature>
            <version>
                8.00.2180
            </version>
            <servicepack>
                4+Q913684
            </servicepack>
        </signature>
        <signature>
            <version>
                8.00.2175
            </version>
            <servicepack>
                4+Q911678
            </servicepack>
        </signature>
        <signature>
            <version>
                8.00.2172
            </version>
            <servicepack>
                4+Q910707
            </servicepack>
        </signature>
        <signature>
            <version>
                8.00.2171
            </version>
            <servicepack>
                4+Q909369
            </servicepack>
        </signature>
        <signature>
            <version>
                8.00.2168
            </version>
            <servicepack>
                4+Q907813
            </servicepack>
        </signature>
        <signature>
            <version>
                8.00.2167
            </version>
            <servicepack>
                4+Q921293
            </servicepack>
        </signature>
        <signature>
            <version>
                8.00.2166
            </version>
            <servicepack>
                4+Q909734
            </servicepack>
        </signature>
        <signature>
            <version>
                8.00.2162
            </version>
            <servicepack>
                4+Q904660
            </servicepack>
        </signature>
        <signature>
            <version>
                8.00.2156
            </version>
            <servicepack>
                4+Q906790
            </servicepack>
        </signature>
        <signature>
            <version>
                8.00.2151
            </version>
            <servicepack>
                4+Q903742
            </servicepack>
        </signature>
        <signature>
            <version>
                8.00.2148
            </version>
            <servicepack>
                4+Q899430
            </servicepack>
        </signature>
        <signature>
            <version>
                8.00.2147
            </version>
            <servicepack>
                4+Q899410
            </servicepack>
        </signature>
        <signature>
            <version>
                8.00.2145
            </version>
            <servicepack>
                4+Q826906
            </servicepack>
        </signature>
        <signature>
            <version>
                8.00.2040
            </version>
            <servicepack>
                4+Q899761
            </servicepack>
        </signature>
        <signature>
            <version>
                8.00.2039
            </version>
            <servicepack>
                4
            </servicepack>
        </signature>
        <signature>
            <version>
                8.00.2026
            </version>
            <servicepack>
                4 Beta
            </servicepack>
        </signature>
        <signature>
            <version>
                8.00.1547
            </version>
            <servicepack>
                3+Q899410
            </servicepack>
        </signature>
        <signature>
            <version>
                8.00.1037
            </version>
            <servicepack>
                3+Q930484
            </servicepack>
        </signature>
        <signature>
            <version>
                8.00.1036
            </version>
            <servicepack>
                3+Q929410
            </servicepack>
        </signature>
        <signature>
            <version>
                8.00.1035
            </version>
            <servicepack>
                3+Q917593
            </servicepack>
        </signature>
        <signature>
            <version>
                8.00.1034
            </version>
            <servicepack>
                3+Q915328
            </servicepack>
        </signature>
        <signature>
            <version>
                8.00.1029
            </version>
            <servicepack>
                3+Q902852
            </servicepack>
        </signature>
        <signature>
            <version>
                8.00.1027
            </version>
            <servicepack>
                3+Q900416
            </servicepack>
        </signature>
        <signature>
            <version>
                8.00.1025
            </version>
            <servicepack>
                3+Q899428
            </servicepack>
        </signature>
        <signature>
            <version>
                8.00.1024
            </version>
            <servicepack>
                3+Q898709
            </servicepack>
        </signature>
        <signature>
            <version>
                8.00.1021
            </version>
            <servicepack>
                3+Q887700
            </servicepack>
        </signature>
        <signature>
            <version>
                8.00.1020
            </version>
            <servicepack>
                3+Q896985
            </servicepack>
        </signature>
        <signature>
            <version>
                8.00.1019
            </version>
            <servicepack>
                3+Q897572
            </servicepack>
        </signature>
        <signature>
            <version>
                8.00.1017
            </version>
            <servicepack>
                3+Q896425
            </servicepack>
        </signature>
        <signature>
            <version>
                8.00.1014
            </version>
            <servicepack>
                3+Q895123
            </servicepack>
        </signature>
        <signature>
            <version>
                8.00.1013
            </version>
            <servicepack>
                3+Q891866
            </servicepack>
        </signature>
        <signature>
            <version>
                8.00.1009
            </version>
            <servicepack>
                3+Q894257
            </servicepack>
        </signature>
        <signature>
            <version>
                8.00.1007
            </version>
            <servicepack>
                3+Q893312
            </servicepack>
        </signature>
        <signature>
            <version>
                8.00.1000
            </version>
            <servicepack>
                3+Q891585
            </servicepack>
        </signature>
        <signature>
            <version>
                8.00.997
            </version>
            <servicepack>
                3+Q891311
            </servicepack>
        </signature>
        <signature>
            <version>
                8.00.996
            </version>
            <servicepack>
                3+Q891017
            </servicepack>
        </signature>
        <signature>
            <version>
                8.00.994
            </version>
            <servicepack>
                3+Q890942
            </servicepack>
        </signature>
        <signature>
            <version>
                8.00.993
            </version>
            <servicepack>
                3+Q890925
            </servicepack>
        </signature>
        <signature>
            <version>
                8.00.991
            </version>
            <servicepack>
                3+Q889314
            </servicepack>
        </signature>
        <signature>
            <version>
                8.00.990
            </version>
            <servicepack>
                3+Q890200
            </servicepack>
        </signature>
        <signature>
            <version>
                8.00.988
            </version>
            <servicepack>
                3+Q889166
            </servicepack>
        </signature>
        <signature>
            <version>
                8.00.985
            </version>
            <servicepack>
                3+Q889239
            </servicepack>
        </signature>
        <signature>
            <version>
                8.00.980
            </version>
            <servicepack>
                3+Q887974
            </servicepack>
        </signature>
        <signature>
            <version>
                8.00.977
            </version>
            <servicepack>
                3+Q888007
            </servicepack>
        </signature>
        <signature>
            <version>
                8.00.973
            </version>
            <servicepack>
                3+Q884554
            </servicepack>
        </signature>
        <signature>
            <version>
                8.00.972
            </version>
            <servicepack>
                3+Q885290
            </servicepack>
        </signature>
        <signature>
            <version>
                8.00.970
            </version>
            <servicepack>
                3+Q872842
            </servicepack>
        </signature>
        <signature>
            <version>
                8.00.967
            </version>
            <servicepack>
                3+Q878501
            </servicepack>
        </signature>
        <signature>
            <version>
                8.00.962
            </version>
            <servicepack>
                3+Q883415
            </servicepack>
        </signature>
        <signature>
            <version>
                8.00.961
            </version>
            <servicepack>
                3+Q873446
            </servicepack>
        </signature>
        <signature>
            <version>
                8.00.959
            </version>
            <servicepack>
                3+Q878500
            </servicepack>
        </signature>
        <signature>
            <version>
                8.00.957
            </version>
            <servicepack>
                3+Q870994
            </servicepack>
        </signature>
        <signature>
            <version>
                8.00.955
            </version>
            <servicepack>
                3+Q867798
            </servicepack>
        </signature>
        <signature>
            <version>
                8.00.954
            </version>
            <servicepack>
                3+Q843282
            </servicepack>
        </signature>
        <signature>
            <version>
                8.00.952
            </version>
            <servicepack>
                3+Q867878
            </servicepack>
        </signature>
        <signature>
            <version>
                8.00.944
            </version>
            <servicepack>
                3+Q839280
            </servicepack>
        </signature>
        <signature>
            <version>
                8.00.937
            </version>
            <servicepack>
                3+Q841776
            </servicepack>
        </signature>
        <signature>
            <version>
                8.00.936
            </version>
            <servicepack>
                3+Q841627
            </servicepack>
        </signature>
        <signature>
            <version>
                8.00.935
            </version>
            <servicepack>
                3+Q841401
            </servicepack>
        </signature>
        <signature>
            <version>
                8.00.934
            </version>
            <servicepack>
                3+Q841404
            </servicepack>
        </signature>
        <signature>
            <version>
                8.00.933
            </version>
            <servicepack>
                3+Q840856
            </servicepack>
        </signature>
        <signature>
            <version>
                8.00.929
            </version>
            <servicepack>
                3+Q839529
            </servicepack>
        </signature>
        <signature>
            <version>
                8.00.928
            </version>
            <servicepack>
                3+Q839589
            </servicepack>
        </signature>
        <signature>
            <version>
                8.00.927
            </version>
            <servicepack>
                3+Q839688
            </servicepack>
        </signature>
        <signature>
            <version>
                8.00.926
            </version>
            <servicepack>
                3+Q839523
            </servicepack>
        </signature>
        <signature>
            <version>
                8.00.923
            </version>
            <servicepack>
                3+Q838460
            </servicepack>
        </signature>
        <signature>
            <version>
                8.00.922
            </version>
            <servicepack>
                3+Q837970
            </servicepack>
        </signature>
        <signature>
            <version>
                8.00.919
            </version>
            <servicepack>
                3+Q837957
            </servicepack>
        </signature>
        <signature>
            <version>
                8.00.916
            </version>
            <servicepack>
                3+Q317989
            </servicepack>
        </signature>
        <signature>
            <version>
                8.00.915
            </version>
            <servicepack>
                3+Q837401
            </servicepack>
        </signature>
        <signature>
            <version>
                8.00.913
            </version>
            <servicepack>
                3+Q836651
            </servicepack>
        </signature>
        <signature>
            <version>
                8.00.911
            </version>
            <servicepack>
                3+Q837957
            </servicepack>
        </signature>
        <signature>
            <version>
                8.00.910
            </version>
            <servicepack>
                3+Q834798
            </servicepack>
        </signature>
        <signature>
            <version>
                8.00.908
            </version>
            <servicepack>
                3+Q834290
            </servicepack>
        </signature>
        <signature>
            <version>
                8.00.904
            </version>
            <servicepack>
                3+Q834453
            </servicepack>
        </signature>
        <signature>
            <version>
                8.00.892
            </version>
            <servicepack>
                3+Q833710
            </servicepack>
        </signature>
        <signature>
            <version>
                8.00.891
            </version>
            <servicepack>
                3+Q836141
            </servicepack>
        </signature>
        <signature>
            <version>
                8.00.879
            </version>
            <servicepack>
                3+Q832977
            </servicepack>
        </signature>
        <signature>
            <version>
                8.00.878
            </version>
            <servicepack>
                3+Q831950
            </servicepack>
        </signature>
        <signature>
            <version>
                8.00.876
            </version>
            <servicepack>
                3+Q830912
            </servicepack>
        </signature>
        <signature>
            <version>
                8.00.873
            </version>
            <servicepack>
                3+Q830887
            </servicepack>
        </signature>
        <signature>
            <version>
                8.00.871
            </version>
            <servicepack>
                3+Q830767
            </servicepack>
        </signature>
        <signature>
            <version>
                8.00.870
            </version>
            <servicepack>
                3+Q830262
            </servicepack>
        </signature>
        <signature>
            <version>
                8.00.869
            </version>
            <servicepack>
                3+Q830588
            </servicepack>
        </signature>
        <signature>
            <version>
                8.00.867
            </version>
            <servicepack>
                3+Q830366
            </servicepack>
        </signature>
        <signature>
            <version>
                8.00.866
            </version>
            <servicepack>
                3+Q830366
            </servicepack>
        </signature>
        <signature>
            <version>
                8.00.865
            </version>
            <servicepack>
                3+Q830395
            </servicepack>
        </signature>
        <signature>
            <version>
                8.00.863
            </version>
            <servicepack>
                3+Q829205
            </servicepack>
        </signature>
        <signature>
            <version>
                8.00.859
            </version>
            <servicepack>
                3+Q821334
            </servicepack>
        </signature>
        <signature>
            <version>
                8.00.858
            </version>
            <servicepack>
                3+Q828637
            </servicepack>
        </signature>
        <signature>
            <version>
                8.00.857
            </version>
            <servicepack>
                3+Q828017
            </servicepack>
        </signature>
        <signature>
            <version>
                8.00.856
            </version>
            <servicepack>
                3+Q828096
            </servicepack>
        </signature>
        <signature>
            <version>
                8.00.854
            </version>
            <servicepack>
                3+Q828699
            </servicepack>
        </signature>
        <signature>
            <version>
                8.00.852
            </version>
            <servicepack>
                3+Q830466
            </servicepack>
        </signature>
        <signature>
            <version>
                8.00.851
            </version>
            <servicepack>
                3+Q826754
            </servicepack>
        </signature>
        <signature>
            <version>
                8.00.850
            </version>
            <servicepack>
                3+Q826860
            </servicepack>
        </signature>
        <signature>
            <version>
                8.00.848
            </version>
            <servicepack>
                3+Q826822
            </servicepack>
        </signature>
        <signature>
            <version>
                8.00.847
            </version>
            <servicepack>
                3+Q826433
            </servicepack>
        </signature>
        <signature>
            <version>
                8.00.845
            </version>
            <servicepack>
                3+Q826364
            </servicepack>
        </signature>
        <signature>
            <version>
                8.00.844
            </version>
            <servicepack>
                3+Q826080
            </servicepack>
        </signature>
        <signature>
            <version>
                8.00.842
            </version>
            <servicepack>
                3+Q825043
            </servicepack>
        </signature>
        <signature>
            <version>
                8.00.841
            </version>
            <servicepack>
                3+Q825225
            </servicepack>
        </signature>
        <signature>
            <version>
                8.00.840
            </version>
            <servicepack>
                3+Q319477
            </servicepack>
        </signature>
        <signature>
            <version>
                8.00.839
            </version>
            <servicepack>
                3+Q823877
            </servicepack>
        </signature>
        <signature>
            <version>
                8.00.837
            </version>
            <servicepack>
                3+Q821741
            </servicepack>
        </signature>
        <signature>
            <version>
                8.00.819
            </version>
            <servicepack>
                3+Q826161
            </servicepack>
        </signature>
        <signature>
            <version>
                8.00.818
            </version>
            <servicepack>
                3+Q821277
            </servicepack>
        </signature>
        <signature>
            <version>
                8.00.816
            </version>
            <servicepack>
                3+Q818766
            </servicepack>
        </signature>
        <signature>
            <version>
                8.00.814
            </version>
            <servicepack>
                3+Q819662
            </servicepack>
        </signature>
        <signature>
            <version>
                8.00.811
            </version>
            <servicepack>
                3+Q819248
            </servicepack>
        </signature>
        <signature>
            <version>
                8.00.807
            </version>
            <servicepack>
                3+Q818899
            </servicepack>
        </signature>
        <signature>
            <version>
                8.00.804
            </version>
            <servicepack>
                3+Q818729
            </servicepack>
        </signature>
        <signature>
            <version>
                8.00.801
            </version>
            <servicepack>
                3+Q818540
            </servicepack>
        </signature>
        <signature>
            <version>
                8.00.800
            </version>
            <servicepack>
                3+Q818414
            </servicepack>
        </signature>
        <signature>
            <version>
                8.00.798
            </version>
            <servicepack>
                3+Q817464
            </servicepack>
        </signature>
        <signature>
            <version>
                8.00.794
            </version>
            <servicepack>
                3+Q817464
            </servicepack>
        </signature>
        <signature>
            <version>
                8.00.791
            </version>
            <servicepack>
                3+Q815249
            </servicepack>
        </signature>
        <signature>
            <version>
                8.00.790
            </version>
            <servicepack>
                3+Q817081
            </servicepack>
        </signature>
        <signature>
            <version>
                8.00.789
            </version>
            <servicepack>
                3+Q816840
            </servicepack>
        </signature>
        <signature>
            <version>
                8.00.788
            </version>
            <servicepack>
                3+Q816985
            </servicepack>
        </signature>
        <signature>
            <version>
                8.00.781
            </version>
            <servicepack>
                3+Q815057
            </servicepack>
        </signature>
        <signature>
            <version>
                8.00.780
            </version>
            <servicepack>
                3+Q816084
            </servicepack>
        </signature>
        <signature>
            <version>
                8.00.779
            </version>
            <servicepack>
                3+Q814035
            </servicepack>
        </signature>
        <signature>
            <version>
                8.00.776
            </version>
            <servicepack>
                3+Unidentified
            </servicepack>
        </signature>
        <signature>
            <version>
                8.00.775
            </version>
            <servicepack>
                3+Q815115
            </servicepack>
        </signature>
        <signature>
            <version>
                8.00.769
            </version>
            <servicepack>
                3+Q814889
            </servicepack>
        </signature>
        <signature>
            <version>
                8.00.765
            </version>
            <servicepack>
                &lt;
            </servicepack>
        </signature>
        <signature>
            <version>
                8.00.763
            </version>
            <servicepack>
                3+Q814113
            </servicepack>
        </signature>
        <signature>
            <version>
                8.00.762
            </version>
            <servicepack>
                3+Q814032
            </servicepack>
        </signature>
        <signature>
            <version>
                8.00.760
            </version>
            <servicepack>
                3
            </servicepack>
        </signature>
        <signature>
            <version>
                8.00.743
            </version>
            <servicepack>
                2+Q818406
            </servicepack>
        </signature>
        <signature>
            <version>
                8.00.741
            </version>
            <servicepack>
                2+Q818096
            </servicepack>
        </signature>
        <signature>
            <version>
                8.00.736
            </version>
            <servicepack>
                2+Q816937
            </servicepack>
        </signature>
        <signature>
            <version>
                8.00.735
            </version>
            <servicepack>
                2+Q814889
            </servicepack>
        </signature>
        <signature>
            <version>
                8.00.733
            </version>
            <servicepack>
                2+Q813759
            </servicepack>
        </signature>
        <signature>
            <version>
                8.00.730
            </version>
            <servicepack>
                2+Q813769
            </servicepack>
        </signature>
        <signature>
            <version>
                8.00.728
            </version>
            <servicepack>
                2+Q814460
            </servicepack>
        </signature>
        <signature>
            <version>
                8.00.725
            </version>
            <servicepack>
                2+Q812995
            </servicepack>
        </signature>
        <signature>
            <version>
                8.00.723
            </version>
            <servicepack>
                2+Q812798
            </servicepack>
        </signature>
        <signature>
            <version>
                8.00.721
            </version>
            <servicepack>
                2+Q812250
            </servicepack>
        </signature>
        <signature>
            <version>
                8.00.718
            </version>
            <servicepack>
                2+Q811703
            </servicepack>
        </signature>
        <signature>
            <version>
                8.00.715
            </version>
            <servicepack>
                2+Q810688
            </servicepack>
        </signature>
        <signature>
            <version>
                8.00.714
            </version>
            <servicepack>
                2+Q811478
            </servicepack>
        </signature>
        <signature>
            <version>
                8.00.713
            </version>
            <servicepack>
                2
            </servicepack>
        </signature>
        <signature>
            <version>
                8.00.710
            </version>
            <servicepack>
                2
            </servicepack>
        </signature>
        <signature>
            <version>
                8.00.705
            </version>
            <servicepack>
                2+Q810920
            </servicepack>
        </signature>
        <signature>
            <version>
                8.00.703
            </version>
            <servicepack>
                2+Q810526
            </servicepack>
        </signature>
        <signature>
            <version>
                8.00.702
            </version>
            <servicepack>
                2+Q328551
            </servicepack>
        </signature>
        <signature>
            <version>
                8.00.701
            </version>
            <servicepack>
                2+Q810026
            </servicepack>
        </signature>
        <signature>
            <version>
                8.00.700
            </version>
            <servicepack>
                2+Q810072
            </servicepack>
        </signature>
        <signature>
            <version>
                8.00.696
            </version>
            <servicepack>
                2+Q810052
            </servicepack>
        </signature>
        <signature>
            <version>
                8.00.695
            </version>
            <servicepack>
                2+Q331885
            </servicepack>
        </signature>
        <signature>
            <version>
                8.00.693
            </version>
            <servicepack>
                2+Q330212
            </servicepack>
        </signature>
        <signature>
            <version>
                8.00.689
            </version>
            <servicepack>
                2+Q329499
            </servicepack>
        </signature>
        <signature>
            <version>
                8.00.688
            </version>
            <servicepack>
                2+Q329487
            </servicepack>
        </signature>
        <signature>
            <version>
                8.00.686
            </version>
            <servicepack>
                2+Q316333
            </servicepack>
        </signature>
        <signature>
            <version>
                8.00.682
            </version>
            <servicepack>
                3+Q319851
            </servicepack>
        </signature>
        <signature>
            <version>
                8.00.679
            </version>
            <servicepack>
                2+Q316333
            </servicepack>
        </signature>
        <signature>
            <version>
                8.00.678
            </version>
            <servicepack>
                2+Q328354
            </servicepack>
        </signature>
        <signature>
            <version>
                8.00.667
            </version>
            <servicepack>
                2+8
            </servicepack>
        </signature>
        <signature>
            <version>
                8.00.665
            </version>
            <servicepack>
                2+8
            </servicepack>
        </signature>
        <signature>
            <version>
                8.00.661
            </version>
            <servicepack>
                2+Q326999
            </servicepack>
        </signature>
        <signature>
            <version>
                8.00.655
            </version>
            <servicepack>
                2+7
            </servicepack>
        </signature>
        <signature>
            <version>
                8.00.652
            </version>
            <servicepack>
                2+Q810010?
            </servicepack>
        </signature>
        <signature>
            <version>
                8.00.650
            </version>
            <servicepack>
                2+Q322853
            </servicepack>
        </signature>
        <signature>
            <version>
                8.00.644
            </version>
            <servicepack>
                2+Q324186
            </servicepack>
        </signature>
        <signature>
            <version>
                8.00.608
            </version>
            <servicepack>
                2+Q319507
            </servicepack>
        </signature>
        <signature>
            <version>
                8.00.604
            </version>
            <servicepack>
                2+3
            </servicepack>
        </signature>
        <signature>
            <version>
                8.00.594
            </version>
            <servicepack>
                2+Q319477
            </servicepack>
        </signature>
        <signature>
            <version>
                8.00.578
            </version>
            <servicepack>
                2+Q317979
            </servicepack>
        </signature>
        <signature>
            <version>
                8.00.561
            </version>
            <servicepack>
                2+1
            </servicepack>
        </signature>
        <signature>
            <version>
                8.00.558
            </version>
            <servicepack>
                2+Q314003
            </servicepack>
        </signature>
        <signature>
            <version>
                8.00.552
            </version>
            <servicepack>
                2+Q313002
            </servicepack>
        </signature>
        <signature>
            <version>
                8.00.534
            </version>
            <servicepack>
                2.01
            </servicepack>
        </signature>
        <signature>
            <version>
                8.00.532
            </version>
            <servicepack>
                2
            </servicepack>
        </signature>
        <signature>
            <version>
                8.00.475
            </version>
            <servicepack>
                1+1
            </servicepack>
        </signature>
        <signature>
            <version>
                8.00.474
            </version>
            <servicepack>
                1+Q315395
            </servicepack>
        </signature>
        <signature>
            <version>
                8.00.473
            </version>
            <servicepack>
                1+Q314003
            </servicepack>
        </signature>
        <signature>
            <version>
                8.00.471
            </version>
            <servicepack>
                1+Q313302
            </servicepack>
        </signature>
        <signature>
            <version>
                8.00.469
            </version>
            <servicepack>
                1+Q313005
            </servicepack>
        </signature>
        <signature>
            <version>
                8.00.452
            </version>
            <servicepack>
                1+Q308547
            </servicepack>
        </signature>
        <signature>
            <version>
                8.00.444
            </version>
            <servicepack>
                1+Q307540
            </servicepack>
        </signature>
        <signature>
            <version>
                8.00.443
            </version>
            <servicepack>
                1+Q307538
            </servicepack>
        </signature>
        <signature>
            <version>
                8.00.428
            </version>
            <servicepack>
                1+Q304850
            </servicepack>
        </signature>
        <signature>
            <version>
                8.00.384
            </version>
            <servicepack>
                1
            </servicepack>
        </signature>
        <signature>
            <version>
                8.00.287
            </version>
            <servicepack>
                0+Q297209
            </servicepack>
        </signature>
        <signature>
            <version>
                8.00.251
            </version>
            <servicepack>
                0+Q300194
            </servicepack>
        </signature>
        <signature>
            <version>
                8.00.250
            </version>
            <servicepack>
                0+Q291683
            </servicepack>
        </signature>
        <signature>
            <version>
                8.00.249
            </version>
            <servicepack>
                0+Q288122
            </servicepack>
        </signature>
        <signature>
            <version>
                8.00.239
            </version>
            <servicepack>
                0+Q285290
            </servicepack>
        </signature>
        <signature>
            <version>
                8.00.233
            </version>
            <servicepack>
                0+Q282416
            </servicepack>
        </signature>
        <signature>
            <version>
                8.00.231
            </version>
            <servicepack>
                0+Q282279
            </servicepack>
        </signature>
        <signature>
            <version>
                8.00.226
            </version>
            <servicepack>
                0+Q278239
            </servicepack>
        </signature>
        <signature>
            <version>
                8.00.225
            </version>
            <servicepack>
                0+Q281663
            </servicepack>
        </signature>
        <signature>
            <version>
                8.00.223
            </version>
            <servicepack>
                0+Q280380
            </servicepack>
        </signature>
        <signature>
            <version>
                8.00.222
            </version>
            <servicepack>
                0+Q281769
            </servicepack>
        </signature>
        <signature>
            <version>
                8.00.218
            </version>
            <servicepack>
                0+Q279183
            </servicepack>
        </signature>
        <signature>
            <version>
                8.00.217
            </version>
            <servicepack>
                0+Q279293
            </servicepack>
        </signature>
        <signature>
            <version>
                8.00.211
            </version>
            <servicepack>
                0+Q276329
            </servicepack>
        </signature>
        <signature>
            <version>
                8.00.210
            </version>
            <servicepack>
                0+Q275900
            </servicepack>
        </signature>
        <signature>
            <version>
                8.00.205
            </version>
            <servicepack>
                0+Q274330
            </servicepack>
        </signature>
        <signature>
            <version>
                8.00.204
            </version>
            <servicepack>
                0+Q274329
            </servicepack>
        </signature>
        <signature>
            <version>
                8.00.194
            </version>
            <servicepack>
                0
            </servicepack>
        </signature>
        <signature>
            <version>
                8.00.190
            </version>
            <servicepack>
                Gold, no
            </servicepack>
        </signature>
        <signature>
            <version>
                8.00.100
            </version>
            <servicepack>
                Beta 2
            </servicepack>
        </signature>
        <signature>
            <version>
                8.00.078
            </version>
            <servicepack>
                EAP5
            </servicepack>
        </signature>
        <signature>
            <version>
                8.00.047
            </version>
            <servicepack>
                EAP4
            </servicepack>
        </signature>
    </signatures>
</root>
